,URL,Link
179,https://www.tripadvisor.com/ShowUserReviews-g298492-d6401100-r419325738-Khalaktyrsky_Beach-Petropavlovsk_Kamchatsky_Kamchatka_Krai_Far_Eastern_District.html,""" –•–æ—Ä–æ—à–æ –¥–ª—è –ø—Ä–æ–≥—É–ª–∫–∏ ""–ê–≤–≥—É—Å—Ç 2016 –≥.–ù–∏—á–µ–≥–æ –Ω–µ–æ–±—ã—á–Ω–æ–≥–æ, –ø–ª—è–∂ —Å —á–µ—Ä–Ω—ã–º –ø–µ—Å–∫–æ–º –Ω–µ–¥–∞–ª–µ–∫–æ –æ—Ç –ü–µ—Ç—Ä–æ–ø–∞–≤–ª–æ–≤—Å–∫–∞. –•–æ—Ä–æ—à–æ –¥–∞–∂–µ –≤ –¥–æ–∂–¥–ª–∏–≤—ã–π –¥–µ–Ω—å –∏ –ø—É—Å—Ç—å –≤ –≤–∞—à–µ–π –ø–æ–µ–∑–¥–∫–µ –±—É–¥–µ—Ç –Ω–µ—Å–∫–æ–ª—å–∫–æ –¥–æ–∂–¥–ª–∏–≤—ã—Ö –¥–Ω–µ–π!"
180,https://www.tripadvisor.com/ShowUserReviews-g298492-d6401100-r416102161-Khalaktyrsky_Beach-Petropavlovsk_Kamchatsky_Kamchatka_Krai_Far_Eastern_District.html,"–ê–≤—Ç–æ—Ä: love2travel33388¬´ –ö—Ä–∞—Å–∏–≤–æ - –º—ã –≥—É–ª—è–ª–∏ —á–∞—Å–∞ –¥–≤–∞ –∏ –¥–æ –∫–æ–Ω—Ü–∞ –Ω–µ –¥–æ–±—Ä–∞–ª–∏—Å—å ¬ª–ê–≤–≥—É—Å—Ç 2016 –≥.–í –∞–≤–≥—É—Å—Ç–µ 2016 –≥–æ–¥–∞ –º—ã –ø—É—Ç–µ—à–µ—Å—Ç–≤–æ–≤–∞–ª–∏ –ø–æ –ø–æ–ª—É–æ—Å—Ç—Ä–æ–≤—É –¥–≤–µ –Ω–µ–¥–µ–ª–∏. –î–æ–ª–∏–Ω–∞ –≥–µ–π–∑–µ—Ä–æ–≤, –æ–∑–µ—Ä–æ –ö–∏—Ä—É–∏–ª–∏, –≤—É–ª–∫–∞–Ω –ê–≤–∞–Ω—á–∞, –≤—É–ª–∫–∞–Ω, –≠—Å—Å–æ, PKC, Harbour Tour, –ø–ª—è–∂ –•–∞–ª–∞–∫—Ç—Ä—Ä–¥–∫–∏ - –≤—Å–µ —ç—Ç–æ —Å–∞–º—ã–µ –∫—Ä–∞—Å–∏–≤—ã–µ –¥–æ—Å—Ç–æ–ø—Ä–∏–º–µ—á–∞—Ç–µ–ª—å–Ω–æ—Å—Ç–∏. –ù–æ –ø—É—Ç–µ—à–µ—Å—Ç–≤–∏–µ –æ—á–µ–Ω—å —Å–ª–æ–∂–Ω–æ–µ, –∏ —Ä—É—Å—Å–∫–∏–µ –∏–¥—É—Ç –æ—á–µ–Ω—å —Ç—è–∂–µ–ª–æ. –ë—É–¥—å—Ç–µ –≤ –æ—Ç–ª–∏—á–Ω–æ–π —Ñ–∏–∑–∏—á–µ—Å–∫–æ–π —Ñ–æ—Ä–º–µ –∏ –≥–æ—Ç–æ–≤—ã –∫ –ø—Ä–∏–∫–ª—é—á–µ–Ω–∏—è–º –Ω–∞ –≤—Å—é –∂–∏–∑–Ω—å."
203,https://www.tripadvisor.com/ShowUserReviews-g298492-d6401100-r815068459-Khalaktyrsky_Beach-Petropavlovsk_Kamchatsky_Kamchatka_Krai_Far_Eastern_District.html,–ö–∏–ª–æ–º–µ—Ç—Ä—ã —á—ë—Ä–Ω–æ–≥–æ –ø–µ—Å–∫–∞.
206,https://www.tripadvisor.com/ShowUserReviews-g298492-d6401100-r812324490-Khalaktyrsky_Beach-Petropavlovsk_Kamchatsky_Kamchatka_Krai_Far_Eastern_District.html,–û–±—è–∑–∞—Ç–µ–ª—å–Ω–æ –≤–µ—Ä–Ω—É—Å—å
209,https://www.tripadvisor.com/ShowUserReviews-g298492-d6401100-r808874057-Khalaktyrsky_Beach-Petropavlovsk_Kamchatsky_Kamchatka_Krai_Far_Eastern_District.html,–í–ø–µ—á–∞—Ç–ª—è–µ—Ç !!
212,https://www.tripadvisor.com/ShowUserReviews-g298492-d6401100-r807925511-Khalaktyrsky_Beach-Petropavlovsk_Kamchatsky_Kamchatka_Krai_Far_Eastern_District.html,–ò–Ω—Ç–µ—Ä–µ—Å–Ω—ã–π –ø—Ä–∏—Ä–æ–¥–Ω—ã–π –æ–±—ä–µ–∫—Ç
215,https://www.tripadvisor.com/ShowUserReviews-g298492-d6401100-r806929266-Khalaktyrsky_Beach-Petropavlovsk_Kamchatsky_Kamchatka_Krai_Far_Eastern_District.html,–û–∫–µ–∞–Ω –∏ –≤—É–ª–∫–∞–Ω–∏—á–µ—Å–∫–∏–π –ø–µ—Å–æ–∫
218,https://www.tripadvisor.com/ShowUserReviews-g298492-d6401100-r806409945-Khalaktyrsky_Beach-Petropavlovsk_Kamchatsky_Kamchatka_Krai_Far_Eastern_District.html,–•–æ—á–µ—Ç—Å—è –ø—Ä–æ—Å—Ç–æ –∑–¥–µ—Å—å –æ—Å—Ç–∞—Ç—å—Å—è
221,https://www.tripadvisor.com/ShowUserReviews-g298492-d6401100-r801016141-Khalaktyrsky_Beach-Petropavlovsk_Kamchatsky_Kamchatka_Krai_Far_Eastern_District.html,–∫—Ä–∞—Å–∏–≤–æ
224,https://www.tripadvisor.com/ShowUserReviews-g298492-d6401100-r794306992-Khalaktyrsky_Beach-Petropavlovsk_Kamchatsky_Kamchatka_Krai_Far_Eastern_District.html,"–∫—Ä–∞—Å–∏–≤–æ, –∫–æ–Ω–µ—á–Ω–æ, –Ω–æ –≤ —Ü–µ–ª–æ–º –Ω–∏ –æ —á–µ–º"
227,https://www.tripadvisor.com/ShowUserReviews-g298492-d6401100-r781182064-Khalaktyrsky_Beach-Petropavlovsk_Kamchatsky_Kamchatka_Krai_Far_Eastern_District.html,–í–æ–ª—à–µ–±–Ω–æ–µ –º–µ—Å—Ç–æ
230,https://www.tripadvisor.com/ShowUserReviews-g298492-d6401100-r780897767-Khalaktyrsky_Beach-Petropavlovsk_Kamchatsky_Kamchatka_Krai_Far_Eastern_District.html,–•–æ—Ä–æ—à–∞—è –ø—Ä–æ–≥—É–ª–∫–∞
471,https://www.tripadvisor.com/ShowUserReviews-g298492-d6401100-r780655902-Khalaktyrsky_Beach-Petropavlovsk_Kamchatsky_Kamchatka_Krai_Far_Eastern_District.html,–ù—É–∂–Ω–æ —Å—ä–µ–∑–¥–∏—Ç—å
474,https://www.tripadvisor.com/ShowUserReviews-g298492-d6401100-r780004692-Khalaktyrsky_Beach-Petropavlovsk_Kamchatsky_Kamchatka_Krai_Far_Eastern_District.html,–í—Å–µ–º –∫—É–ø–∞—Ç—å—Å—è!
477,https://www.tripadvisor.com/ShowUserReviews-g298492-d6401100-r779980713-Khalaktyrsky_Beach-Petropavlovsk_Kamchatsky_Kamchatka_Krai_Far_Eastern_District.html,–î–æ—Å—Ç–æ–ø—Ä–∏–º–µ—á–∞—Ç–µ–ª—å–Ω–æ—Å—Ç—å –Ω–µ–ø–æ–¥–∞–ª—ë–∫—É –æ—Ç –ü–µ—Ç—Ä–æ–ø–∞–≤–ª–æ–≤—Å–∫–∞
480,https://www.tripadvisor.com/ShowUserReviews-g298492-d6401100-r776805547-Khalaktyrsky_Beach-Petropavlovsk_Kamchatsky_Kamchatka_Krai_Far_Eastern_District.html,–ü–µ—Ç—Ä–æ–ø–∞–≤–ª–æ–≤—Å–∫-–∫–µ–∞–º—á–∞—Ç—Å–∫–∏–π –∏ –•–∞–ª–∞–∫—Ç—ã—Ä—Å–∫–∏–π –ø–ª—è–∂
483,https://www.tripadvisor.com/ShowUserReviews-g298492-d6401100-r773346941-Khalaktyrsky_Beach-Petropavlovsk_Kamchatsky_Kamchatka_Krai_Far_Eastern_District.html,–û—Ç–ª–∏—á–Ω–æ–µ —á–∏—Å—Ç–æ–µ –º–µ—Å—Ç–æ
486,https://www.tripadvisor.com/ShowUserReviews-g298492-d6401100-r773103131-Khalaktyrsky_Beach-Petropavlovsk_Kamchatsky_Kamchatka_Krai_Far_Eastern_District.html,–û–∫–µ–∞–Ω—Å–∫–∏–π –ø–ª—è–∂
489,https://www.tripadvisor.com/ShowUserReviews-g298492-d6401100-r772308478-Khalaktyrsky_Beach-Petropavlovsk_Kamchatsky_Kamchatka_Krai_Far_Eastern_District.html,–Ø –≤–ª—é–±–∏–ª–∞—Å—å –≤ –û–∫–µ–∞–Ω
492,https://www.tripadvisor.com/ShowUserReviews-g298492-d6401100-r770363071-Khalaktyrsky_Beach-Petropavlovsk_Kamchatsky_Kamchatka_Krai_Far_Eastern_District.html,–ü—Ä–æ–≥—É–ª–∫–∞ –∏ –ø–∏–∫–Ω–∏–∫
495,https://www.tripadvisor.com/ShowUserReviews-g298492-d6401100-r766336649-Khalaktyrsky_Beach-Petropavlovsk_Kamchatsky_Kamchatka_Krai_Far_Eastern_District.html,–ü–æ–±—ã—Ç—å –Ω–∞ –æ–∫–µ–∞–Ω–µ - –Ω–µ–∑–∞–±—ã–≤–∞–µ–º–æ
498,https://www.tripadvisor.com/ShowUserReviews-g298492-d6401100-r763428179-Khalaktyrsky_Beach-Petropavlovsk_Kamchatsky_Kamchatka_Krai_Far_Eastern_District.html,–ú–µ—Å—Ç–æ –¥–ª—è –ø—Ä–æ–≥—É–ª–æ–∫
1011,https://www.tripadvisor.com/ShowUserReviews-g298492-d6401100-r762638743-Khalaktyrsky_Beach-Petropavlovsk_Kamchatsky_Kamchatka_Krai_Far_Eastern_District.html,–ö–∞–π—Ñ
1014,https://www.tripadvisor.com/ShowUserReviews-g298492-d6401100-r717969089-Khalaktyrsky_Beach-Petropavlovsk_Kamchatsky_Kamchatka_Krai_Far_Eastern_District.html,–ü—Ä–µ–∫—Ä–∞—Å–Ω–∞—è —Å–∏–ª–∞ –æ–∫–µ–∞–Ω–∞
1017,https://www.tripadvisor.com/ShowUserReviews-g298492-d6401100-r713764090-Khalaktyrsky_Beach-Petropavlovsk_Kamchatsky_Kamchatka_Krai_Far_Eastern_District.html,–¥–æ–±—Ä–∞—Ç—å—Å—è –¥–æ –º–µ—Å—Ç–∞ –º–æ–∂–Ω–æ —Ç–æ–ª—å–∫–æ –Ω–∞ —Ç–∞–∫—Å–∏ –Ω–æ —ç—Ç–æ –Ω–µ –æ—á–µ–Ω—å –¥–æ—Ä–æ–≥–æ
1020,https://www.tripadvisor.com/ShowUserReviews-g298492-d6401100-r706133232-Khalaktyrsky_Beach-Petropavlovsk_Kamchatsky_Kamchatka_Krai_Far_Eastern_District.html,–ö–∞–∫ –ø—Ä–æ–≤–µ—Å—Ç–∏ –¥–µ–Ω—å —É –±–µ—Ä–µ–≥–∞ –æ–∫–µ–∞–Ω–∞
1023,https://www.tripadvisor.com/ShowUserReviews-g298492-d6401100-r702516218-Khalaktyrsky_Beach-Petropavlovsk_Kamchatsky_Kamchatka_Krai_Far_Eastern_District.html,—ç—Ç–æ –Ω—É–∂–Ω–æ –≤–∏–¥–µ—Ç—å!!!
1026,https://www.tripadvisor.com/ShowUserReviews-g298492-d6401100-r699457595-Khalaktyrsky_Beach-Petropavlovsk_Kamchatsky_Kamchatka_Krai_Far_Eastern_District.html,"Czarny piasek, kt√≥ry grzeje."
1029,https://www.tripadvisor.com/ShowUserReviews-g298492-d6401100-r697361195-Khalaktyrsky_Beach-Petropavlovsk_Kamchatsky_Kamchatka_Krai_Far_Eastern_District.html,–•–æ—Ä–æ—à–æ–µ–µ –º–µ—Å–æ –¥–ª—è —Å–µ—Ä—Ç—Ñ–∏–Ω–≥–∞ –∑–∏–º–æ–π –∏ –ª–µ—Ç–æ–º
1032,https://www.tripadvisor.com/ShowUserReviews-g298492-d6401100-r695919187-Khalaktyrsky_Beach-Petropavlovsk_Kamchatsky_Kamchatka_Krai_Far_Eastern_District.html,–û–¥–Ω–æ –∏–∑ –ª—é–±–∏–º—ã—Ö –º–µ—Å—Ç –Ω–∞—à–∏—Ö –∂–∏—Ç–µ–ª–µ–π –∏ –≥–æ—Å—Ç–µ–π!
1035,https://www.tripadvisor.com/ShowUserReviews-g298492-d6401100-r694800593-Khalaktyrsky_Beach-Petropavlovsk_Kamchatsky_Kamchatka_Krai_Far_Eastern_District.html,ÂåóÊµ∑ÈÅì„Åß„ÅØ‰ªä„ÇÑËÄÉ„Åà„Çâ„Çå„Å™„ÅÑ„Åª„Å©Â∫ÉÂ§ß„Å™ÂéüÁîüËä±Âúí4/71
1038,https://www.tripadvisor.com/ShowUserReviews-g298492-d6401100-r693605626-Khalaktyrsky_Beach-Petropavlovsk_Kamchatsky_Kamchatka_Krai_Far_Eastern_District.html,–ì–ª—ç–º–ø–∏–Ω–≥ - —Å—É–ø–µ—Ä –Ω–æ–≤–æ–µ –∫–ª–∞—Å—Å–Ω–æ–µ –º–µ—Å—Ç–æ –Ω–∞ –±–µ—Ä–µ–≥—É
1282,https://www.tripadvisor.com/ShowUserReviews-g298492-d6401100-r693560965-Khalaktyrsky_Beach-Petropavlovsk_Kamchatsky_Kamchatka_Krai_Far_Eastern_District.html,–í—Å–µ–π –¥—É—à–æ–π —Ç–∞–º
1285,https://www.tripadvisor.com/ShowUserReviews-g298492-d6401100-r692766993-Khalaktyrsky_Beach-Petropavlovsk_Kamchatsky_Kamchatka_Krai_Far_Eastern_District.html,–§–µ–µ—Ä–∏—á–µ—Å–∫–∏!
1288,https://www.tripadvisor.com/ShowUserReviews-g298492-d6401100-r682085046-Khalaktyrsky_Beach-Petropavlovsk_Kamchatsky_Kamchatka_Krai_Far_Eastern_District.html,–û–±—è–∑–∞—Ç–µ–ª—å–Ω–æ –∫ –ø–æ—Å–µ—â–µ–Ω–∏—é!
1291,https://www.tripadvisor.com/ShowUserReviews-g298492-d6401100-r681822450-Khalaktyrsky_Beach-Petropavlovsk_Kamchatsky_Kamchatka_Krai_Far_Eastern_District.html,–•–∞–ª–∞–∫—Ç—ã—Ä—Å–∫–∏–π –æ—Ç–∑—ã–≤
1294,https://www.tripadvisor.com/ShowUserReviews-g298492-d6401100-r679547792-Khalaktyrsky_Beach-Petropavlovsk_Kamchatsky_Kamchatka_Krai_Far_Eastern_District.html,–¢–∏—Ö–∏–π –∏ –í–µ–ª–∏–∫–∏–π....
1297,https://www.tripadvisor.com/ShowUserReviews-g298492-d6401100-r670681413-Khalaktyrsky_Beach-Petropavlovsk_Kamchatsky_Kamchatka_Krai_Far_Eastern_District.html,–ù–µ–æ–±—ã—á–Ω–æ –∏ –æ—á–µ–Ω—å –∫—Ä–∞—Å–∏–≤–æ
1300,https://www.tripadvisor.com/ShowUserReviews-g298492-d6401100-r664895085-Khalaktyrsky_Beach-Petropavlovsk_Kamchatsky_Kamchatka_Krai_Far_Eastern_District.html,–û–∫–µ–∞–Ω —Å—Ç—Ä–∞—Å—Ç–µ–π! –¢–∏—Ö–∏–π –æ–∫–µ–∞–Ω!
1303,https://www.tripadvisor.com/ShowUserReviews-g298492-d6401100-r661871388-Khalaktyrsky_Beach-Petropavlovsk_Kamchatsky_Kamchatka_Krai_Far_Eastern_District.html,–ó–∞–≤–æ—Ä–∞–∂–∏–≤–∞—é—â–µ–µ –º–µ—Å—Ç–æ!
1306,https://www.tripadvisor.com/ShowUserReviews-g298492-d6401100-r659758110-Khalaktyrsky_Beach-Petropavlovsk_Kamchatsky_Kamchatka_Krai_Far_Eastern_District.html,–ü—Ä–∏—Ä–æ–¥–Ω–∞—è –∫—Ä–∞—Å–æ—Ç–∞!!!!!!!!
1309,https://www.tripadvisor.com/ShowUserReviews-g298492-d6401100-r656690943-Khalaktyrsky_Beach-Petropavlovsk_Kamchatsky_Kamchatka_Krai_Far_Eastern_District.html,–ì–ª–∞–≤–Ω–æ–µ - —Ö–æ—Ä–æ—à–∞—è –ø–æ–≥–æ–¥–∞üòÖ
1553,https://www.tripadvisor.com/ShowUserReviews-g298492-d6401100-r635647426-Khalaktyrsky_Beach-Petropavlovsk_Kamchatsky_Kamchatka_Krai_Far_Eastern_District.html,–ü–ª—è–∂
1556,https://www.tripadvisor.com/ShowUserReviews-g298492-d6401100-r631368317-Khalaktyrsky_Beach-Petropavlovsk_Kamchatsky_Kamchatka_Krai_Far_Eastern_District.html,–û–±—è–∑–∞—Ç–µ–ª—å–Ω–æ –∫ –ø–æ—Å–µ—â–µ–Ω–∏—é!
1559,https://www.tripadvisor.com/ShowUserReviews-g298492-d6401100-r624398702-Khalaktyrsky_Beach-Petropavlovsk_Kamchatsky_Kamchatka_Krai_Far_Eastern_District.html,–¢–∏—Ö–∏–π –æ–∫–µ–∞–Ω
1562,https://www.tripadvisor.com/ShowUserReviews-g298492-d6401100-r621544353-Khalaktyrsky_Beach-Petropavlovsk_Kamchatsky_Kamchatka_Krai_Far_Eastern_District.html,–ö—Ä–∞—Å–æ—Ç–∞!
1565,https://www.tripadvisor.com/ShowUserReviews-g298492-d6401100-r619532164-Khalaktyrsky_Beach-Petropavlovsk_Kamchatsky_Kamchatka_Krai_Far_Eastern_District.html,–û—á–µ–Ω—å –∞—Ç–º–æ—Å—Ñ–µ—Ä–Ω–æ –≤ –¥–æ–∂–¥–ª–∏–≤—É—é –∏ –≤–µ—Ç—Ä–µ–Ω—É—é –ø–æ–≥–æ–¥—É
1568,https://www.tripadvisor.com/ShowUserReviews-g298492-d6401100-r618174204-Khalaktyrsky_Beach-Petropavlovsk_Kamchatsky_Kamchatka_Krai_Far_Eastern_District.html,–ü—Ä–µ–∫—Ä–∞—Å–µ–Ω –≤ –ª—é–±—É—é –ø–æ–≥–æ–¥—É
1571,https://www.tripadvisor.com/ShowUserReviews-g298492-d6401100-r616711908-Khalaktyrsky_Beach-Petropavlovsk_Kamchatsky_Kamchatka_Krai_Far_Eastern_District.html,–û–∫–µ–∞–Ω...
1574,https://www.tripadvisor.com/ShowUserReviews-g298492-d6401100-r611302799-Khalaktyrsky_Beach-Petropavlovsk_Kamchatsky_Kamchatka_Krai_Far_Eastern_District.html,–ë—É—à—É—é—â–∏–π –æ–∫–µ–∞–Ω —É —á–µ—Ä–Ω—ã—Ö –ø–µ—Å–∫–æ–≤.
1577,https://www.tripadvisor.com/ShowUserReviews-g298492-d6401100-r609357179-Khalaktyrsky_Beach-Petropavlovsk_Kamchatsky_Kamchatka_Krai_Far_Eastern_District.html,–°—É–º–∞—Å—à–µ–¥—à–µ –∫—Ä–∞—Å–∏–≤—ã–π –ø–ª—è–∂
1580,https://www.tripadvisor.com/ShowUserReviews-g298492-d6401100-r609243509-Khalaktyrsky_Beach-Petropavlovsk_Kamchatsky_Kamchatka_Krai_Far_Eastern_District.html,Does what it says on the tin
1824,https://www.tripadvisor.com/ShowUserReviews-g298492-d6401100-r607829873-Khalaktyrsky_Beach-Petropavlovsk_Kamchatsky_Kamchatka_Krai_Far_Eastern_District.html,–ó–∞–º–µ—á–∞—Ç–µ–ª—å–Ω—ã–π –º–æ—Ä—Å–∫–æ–π –≤–æ–∑–¥—É—Ö
1827,https://www.tripadvisor.com/ShowUserReviews-g298492-d6401100-r606233488-Khalaktyrsky_Beach-Petropavlovsk_Kamchatsky_Kamchatka_Krai_Far_Eastern_District.html,–ö—Ä–∞—Å–æ—Ç–∞
1830,https://www.tripadvisor.com/ShowUserReviews-g298492-d6401100-r606230756-Khalaktyrsky_Beach-Petropavlovsk_Kamchatsky_Kamchatka_Krai_Far_Eastern_District.html,–°–∏–ª–∞ –°–µ–≤–µ—Ä–∞
1833,https://www.tripadvisor.com/ShowUserReviews-g298492-d6401100-r605479321-Khalaktyrsky_Beach-Petropavlovsk_Kamchatsky_Kamchatka_Krai_Far_Eastern_District.html,–ú–æ–π –ø–µ—Ä–≤—ã–π –æ–∫–µ–∞–Ω.
1836,https://www.tripadvisor.com/ShowUserReviews-g298492-d6401100-r604344979-Khalaktyrsky_Beach-Petropavlovsk_Kamchatsky_Kamchatka_Krai_Far_Eastern_District.html,Unexpected lunch facing the Pacific!
1839,https://www.tripadvisor.com/ShowUserReviews-g298492-d6401100-r603622070-Khalaktyrsky_Beach-Petropavlovsk_Kamchatsky_Kamchatka_Krai_Far_Eastern_District.html,–ò–Ω–æ–ø–ª–∞–Ω–µ—Ç–Ω—ã–π –º–∞–≥–Ω–∏—Ç–Ω—ã–π –ø–ª—è–∂
1842,https://www.tripadvisor.com/ShowUserReviews-g298492-d6401100-r568266226-Khalaktyrsky_Beach-Petropavlovsk_Kamchatsky_Kamchatka_Krai_Far_Eastern_District.html,–≠—Ç–æ –∫–æ—Å–º–æ—Å! –ù–µ–≤–µ—Ä–æ—è—Ç–Ω–∞—è —ç–Ω–µ—Ä–≥–∏—è!
1845,https://www.tripadvisor.com/ShowUserReviews-g298492-d6401100-r566053105-Khalaktyrsky_Beach-Petropavlovsk_Kamchatsky_Kamchatka_Krai_Far_Eastern_District.html,–ú–æ—â—å –æ–∫–µ–∞–Ω–∞
1848,https://www.tripadvisor.com/ShowUserReviews-g298492-d6401100-r553694003-Khalaktyrsky_Beach-Petropavlovsk_Kamchatsky_Kamchatka_Krai_Far_Eastern_District.html,–ü—Ä–æ—Å—Ç–æ —à–∏–∫–∞—Ä–Ω—ã–π –ø–ª—è–∂
1851,https://www.tripadvisor.com/ShowUserReviews-g298492-d6401100-r538710569-Khalaktyrsky_Beach-Petropavlovsk_Kamchatsky_Kamchatka_Krai_Far_Eastern_District.html,–ö—Ä–∞—Å–∏–≤—ã–π –ø–ª—è–∂
2095,https://www.tripadvisor.com/ShowUserReviews-g298492-d6401100-r538486983-Khalaktyrsky_Beach-Petropavlovsk_Kamchatsky_Kamchatka_Krai_Far_Eastern_District.html,"–•–æ–ª–æ–¥–Ω–æ, –Ω–æ –∫—Ä–∞—Å–∏–≤–æ"
2098,https://www.tripadvisor.com/ShowUserReviews-g298492-d6401100-r525498262-Khalaktyrsky_Beach-Petropavlovsk_Kamchatsky_Kamchatka_Krai_Far_Eastern_District.html,–ü–ª—è–∂ –∏–∑ —á—ë—Ä–Ω–æ–≥–æ –ø–µ—Å–∫–∞
2101,https://www.tripadvisor.com/ShowUserReviews-g298492-d6401100-r513087847-Khalaktyrsky_Beach-Petropavlovsk_Kamchatsky_Kamchatka_Krai_Far_Eastern_District.html,"–•–æ—Ä–æ—à–æ, –Ω–æ –Ω–µ –≤–æ—Å—Ö–∏—Ç–∏—Ç–µ–ª—å–Ω–æ"
2104,https://www.tripadvisor.com/ShowUserReviews-g298492-d6401100-r472876313-Khalaktyrsky_Beach-Petropavlovsk_Kamchatsky_Kamchatka_Krai_Far_Eastern_District.html,"–ß–µ—Ä–Ω—ã–π –ø–µ—Å–æ–∫, –≥–æ–ª—É–±–∞—è –≤–æ–¥–∞, –≥–æ—Ä—ã"
2107,https://www.tripadvisor.com/ShowUserReviews-g298492-d6401100-r440446031-Khalaktyrsky_Beach-Petropavlovsk_Kamchatsky_Kamchatka_Krai_Far_Eastern_District.html,–¢–∏—Ö–∏–π –û–∫–µ–∞–Ω
2110,https://www.tripadvisor.com/ShowUserReviews-g298492-d6401100-r439372733-Khalaktyrsky_Beach-Petropavlovsk_Kamchatsky_Kamchatka_Krai_Far_Eastern_District.html,–£–¥–∏–≤–∏—Ç–µ–ª—å–Ω–æ–µ –º–µ—Å—Ç–æ
2113,https://www.tripadvisor.com/ShowUserReviews-g298492-d6401100-r430549784-Khalaktyrsky_Beach-Petropavlovsk_Kamchatsky_Kamchatka_Krai_Far_Eastern_District.html,–û–¥–Ω–æ –∏–∑ —Å–∞–º—ã—Ö –∏–∑–≤–µ—Å—Ç–Ω—ã—Ö –º–µ—Å—Ç –ö–∞–º—á–∞—Ç–∫–∏
2116,https://www.tripadvisor.com/ShowUserReviews-g298492-d6401100-r428526098-Khalaktyrsky_Beach-Petropavlovsk_Kamchatsky_Kamchatka_Krai_Far_Eastern_District.html,–∑–∞–º–µ—á–∞—Ç–µ–ª—å–Ω–æ!
2119,https://www.tripadvisor.com/ShowUserReviews-g298492-d6401100-r421581582-Khalaktyrsky_Beach-Petropavlovsk_Kamchatsky_Kamchatka_Krai_Far_Eastern_District.html,"–í –Ω–∞—á–∞–ª–µ –º–∞—è –±—ã–ª–æ —Ö–æ–ª–æ–¥–Ω–æ –∏ –≤–µ—Ç—Ä–µ–Ω–Ω–æ, –ø—Ä–æ–±—Ä–∞—Å—ã–≤–∞–ª–æ —Å–Ω–µ–∂–æ–∫"
2122,https://www.tripadvisor.com/ShowUserReviews-g298492-d6401100-r419325738-Khalaktyrsky_Beach-Petropavlovsk_Kamchatsky_Kamchatka_Krai_Far_Eastern_District.html,–•–æ—Ä–æ—à–æ –¥–ª—è –ø—Ä–æ–≥—É–ª–∫–∏
2366,https://www.tripadvisor.com/ShowUserReviews-g298492-d6401100-r416102161-Khalaktyrsky_Beach-Petropavlovsk_Kamchatsky_Kamchatka_Krai_Far_Eastern_District.html,–ö—Ä–∞—Å–∏–≤–æ - –≥—É–ª—è–ª–∏ —á–∞—Å–∞ –¥–≤–∞ –∏ –¥–æ –∫–æ–Ω—Ü–∞ –Ω–µ –¥–æ–µ—Ö–∞–ª–∏
2369,https://www.tripadvisor.com/ShowUserReviews-g298492-d6401100-r411081405-Khalaktyrsky_Beach-Petropavlovsk_Kamchatsky_Kamchatka_Krai_Far_Eastern_District.html,–†–æ–º–∞–Ω—Ç–∏–∫–∞ ...
2372,https://www.tripadvisor.com/ShowUserReviews-g298492-d6401100-r408417427-Khalaktyrsky_Beach-Petropavlovsk_Kamchatsky_Kamchatka_Krai_Far_Eastern_District.html,–í–æ—Å—Ö–∏—Ç–∏—Ç–µ–ª—å–Ω–∞—è –∫—Ä–∞—Å–æ—Ç–∞ –Ω–∞ –∫—Ä–∞—é –∑–µ–º–ª–∏
2375,https://www.tripadvisor.com/ShowUserReviews-g298492-d6401100-r401137498-Khalaktyrsky_Beach-Petropavlovsk_Kamchatsky_Kamchatka_Krai_Far_Eastern_District.html,"""–ù–∞ –Ω–µ–±–µ —Ç–æ–ª—å–∫–æ –∏ —Ä–∞–∑–≥–æ–≤–æ—Ä–æ–≤, —á—Ç–æ –æ –º–æ—Ä–µ"""
2378,https://www.tripadvisor.com/ShowUserReviews-g298492-d6401100-r396535706-Khalaktyrsky_Beach-Petropavlovsk_Kamchatsky_Kamchatka_Krai_Far_Eastern_District.html,–ß—ë—Ä–Ω—ã–π –ø–µ—Å–æ–∫! –û–∫–µ–∞–Ω!
2381,https://www.tripadvisor.com/ShowUserReviews-g298492-d6401100-r389737825-Khalaktyrsky_Beach-Petropavlovsk_Kamchatsky_Kamchatka_Krai_Far_Eastern_District.html,–ö–∞–∫–∏–µ –æ—Ü–µ–Ω–∫–∏ –º–æ–∂–Ω–æ —Å—Ç–∞–≤–∏—Ç—å –æ–∫–µ–∞–Ω—É?
2384,https://www.tripadvisor.com/ShowUserReviews-g298492-d6401100-r383067053-Khalaktyrsky_Beach-Petropavlovsk_Kamchatsky_Kamchatka_Krai_Far_Eastern_District.html,–ú–æ—â–Ω—ã–π –ø–ª—è–∂
2387,https://www.tripadvisor.com/ShowUserReviews-g298492-d6401100-r371717815-Khalaktyrsky_Beach-Petropavlovsk_Kamchatsky_Kamchatka_Krai_Far_Eastern_District.html,–ß–µ—Ä–Ω—ã–π –ø–µ—Å–æ–∫!
2390,https://www.tripadvisor.com/ShowUserReviews-g298492-d6401100-r359216998-Khalaktyrsky_Beach-Petropavlovsk_Kamchatsky_Kamchatka_Krai_Far_Eastern_District.html,–ö—É–ø–∞—Ç—å—Å—è –º–æ–∂–Ω–æ!
2393,https://www.tripadvisor.com/ShowUserReviews-g298492-d6401100-r351521773-Khalaktyrsky_Beach-Petropavlovsk_Kamchatsky_Kamchatka_Krai_Far_Eastern_District.html,–û–∫–µ–∞–Ω - –æ–Ω –∏ –Ω–∞ –ö–∞–º—á–∞—Ç–∫–µ –æ–∫–µ–∞–Ω
2637,https://www.tripadvisor.com/ShowUserReviews-g298492-d6401100-r343035578-Khalaktyrsky_Beach-Petropavlovsk_Kamchatsky_Kamchatka_Krai_Far_Eastern_District.html,–û–∫–µ–∞–Ω —Ä—è–¥–æ–º —Å –≥–æ—Ä–æ–¥–æ–º!
2640,https://www.tripadvisor.com/ShowUserReviews-g298492-d6401100-r339075102-Khalaktyrsky_Beach-Petropavlovsk_Kamchatsky_Kamchatka_Krai_Far_Eastern_District.html,–°–∫–∞–∑–æ—á–Ω–æ–µ –º–µ—Å—Ç–æ.
2643,https://www.tripadvisor.com/ShowUserReviews-g298492-d6401100-r320267410-Khalaktyrsky_Beach-Petropavlovsk_Kamchatsky_Kamchatka_Krai_Far_Eastern_District.html,–ü–ª—è–∂ –Ω–µ –≤ –Ω–∞—à–µ–º –ø–æ–Ω–∏–º–∞–Ω–∏–∏
2646,https://www.tripadvisor.com/ShowUserReviews-g298492-d6401100-r310561485-Khalaktyrsky_Beach-Petropavlovsk_Kamchatsky_Kamchatka_Krai_Far_Eastern_District.html,"–û–π, –µ—Å–ª–∏ –±—ã –Ω–µ –¥–æ—Ä–æ–≥–∞ –Ω–∞ —ç—Ç–æ—Ç –ø–ª—è–∂"
2649,https://www.tripadvisor.com/ShowUserReviews-g298492-d6401100-r303297171-Khalaktyrsky_Beach-Petropavlovsk_Kamchatsky_Kamchatka_Krai_Far_Eastern_District.html,–ü—Ä–æ—Å—Ç–æ –∫–æ—Å–º–æ—Å
2652,https://www.tripadvisor.com/ShowUserReviews-g298492-d6401100-r302014878-Khalaktyrsky_Beach-Petropavlovsk_Kamchatsky_Kamchatka_Krai_Far_Eastern_District.html,–í—Å—è –º–æ—â—å –¢–∏—Ö–æ–≥–æ –æ–∫–µ–∞–Ω–∞
2655,https://www.tripadvisor.com/ShowUserReviews-g298492-d6401100-r298774596-Khalaktyrsky_Beach-Petropavlovsk_Kamchatsky_Kamchatka_Krai_Far_Eastern_District.html,–ò–Ω—Ñ—Ä–∞—Å—Ç—Ä—É–∫—Ç—É—Ä–∞! –û—Ç–ª–∏—á–Ω—ã–π —Å–µ—Ä—Ñ–∏–Ω–≥ –ø–æ —Å–æ—Å–µ–¥—Å—Ç–≤—É —Å –Ω–µ—Ä–ø–∞–º–∏!
2658,https://www.tripadvisor.com/ShowUserReviews-g298492-d6401100-r295220903-Khalaktyrsky_Beach-Petropavlovsk_Kamchatsky_Kamchatka_Krai_Far_Eastern_District.html,–ö—Ä–∞–π –∑–µ–º–ª–∏
2661,https://www.tripadvisor.com/ShowUserReviews-g298492-d6401100-r293302240-Khalaktyrsky_Beach-Petropavlovsk_Kamchatsky_Kamchatka_Krai_Far_Eastern_District.html,–§–∞–Ω—Ç–∞—Å—Ç–∏—á–µ—Å–∫–∏–π –ø–ª—è–∂
2664,https://www.tripadvisor.com/ShowUserReviews-g298492-d6401100-r292914725-Khalaktyrsky_Beach-Petropavlovsk_Kamchatsky_Kamchatka_Krai_Far_Eastern_District.html,–ö—Ä–∞–π –ó–µ–º–ª–∏. –ò–ª–∏ –Ω–∞—á–∞–ª–æ –±–µ—Å–∫–æ–Ω–µ—á–Ω–æ—Å—Ç–∏?
2908,https://www.tripadvisor.com/ShowUserReviews-g298492-d6401100-r290903621-Khalaktyrsky_Beach-Petropavlovsk_Kamchatsky_Kamchatka_Krai_Far_Eastern_District.html,–ü–ª—è–∂ –∑–∞ –≥–æ—Ä–æ–¥–æ–º
2911,https://www.tripadvisor.com/ShowUserReviews-g298492-d6401100-r290570878-Khalaktyrsky_Beach-Petropavlovsk_Kamchatsky_Kamchatka_Krai_Far_Eastern_District.html,–ó–∞–≤–æ—Ä–∞–∂–∏–≤–∞—é—â–µ
2914,https://www.tripadvisor.com/ShowUserReviews-g298492-d6401100-r289580537-Khalaktyrsky_Beach-Petropavlovsk_Kamchatsky_Kamchatka_Krai_Far_Eastern_District.html,–≠—Ç–æ —Å—Ç–æ–∏—Ç —É–≤–∏–¥–µ—Ç—å!
2917,https://www.tripadvisor.com/ShowUserReviews-g298492-d6401100-r289015144-Khalaktyrsky_Beach-Petropavlovsk_Kamchatsky_Kamchatka_Krai_Far_Eastern_District.html,–•–∞–ª–∞–∫—Ç—ã—Ä—Å–∫–∏–π –ø–ª—è–∂
2920,https://www.tripadvisor.com/ShowUserReviews-g298492-d6401100-r285437303-Khalaktyrsky_Beach-Petropavlovsk_Kamchatsky_Kamchatka_Krai_Far_Eastern_District.html,–ù–∞ –±–µ—Ä–µ–≥—É –¢–∏—Ö–æ–≥–æ –æ–∫–µ–∞–Ω–∞
2923,https://www.tripadvisor.com/ShowUserReviews-g298492-d6401100-r282495919-Khalaktyrsky_Beach-Petropavlovsk_Kamchatsky_Kamchatka_Krai_Far_Eastern_District.html,–û–ª—Ç–∏—á–Ω–æ–µ –º–µ—Å—Ç–æ –æ—Ç–¥—ã—Ö–∞!
2926,https://www.tripadvisor.com/ShowUserReviews-g298492-d6401100-r265974031-Khalaktyrsky_Beach-Petropavlovsk_Kamchatsky_Kamchatka_Krai_Far_Eastern_District.html,–≠—Ç–æ –∑–∞–≤–æ—Ä–∞–∂–∏–≤–∞–µ—Ç!!!!
2929,https://www.tripadvisor.com/ShowUserReviews-g298492-d6401100-r251409009-Khalaktyrsky_Beach-Petropavlovsk_Kamchatsky_Kamchatka_Krai_Far_Eastern_District.html,–ü–ª—è–∂ —Å —á–µ—Ä–Ω—ã–º –ø–µ—Å–∫–æ–º
2932,https://www.tripadvisor.com/ShowUserReviews-g298492-d6401100-r239529072-Khalaktyrsky_Beach-Petropavlovsk_Kamchatsky_Kamchatka_Krai_Far_Eastern_District.html,Amazing place
2935,https://www.tripadvisor.com/ShowUserReviews-g298492-d6401100-r230069095-Khalaktyrsky_Beach-Petropavlovsk_Kamchatsky_Kamchatka_Krai_Far_Eastern_District.html,–û—Ç–ª–∏—á–Ω—ã–π —Å–µ—Ä—Ñ–∏–Ω–≥.
3179,https://www.tripadvisor.com/ShowUserReviews-g298492-d6401100-r227014413-Khalaktyrsky_Beach-Petropavlovsk_Kamchatsky_Kamchatka_Krai_Far_Eastern_District.html,–ö—Ä–∞—Å–∏–≤—ã–π!
3182,https://www.tripadvisor.com/ShowUserReviews-g298492-d6401100-r217950469-Khalaktyrsky_Beach-Petropavlovsk_Kamchatsky_Kamchatka_Krai_Far_Eastern_District.html,–†–∞—Å—Å–≤–µ—Ç –Ω–∞ –∫—Ä–∞—é –∑–µ–º–ª–∏
3185,https://www.tripadvisor.com/ShowUserReviews-g298492-d6401100-r213227584-Khalaktyrsky_Beach-Petropavlovsk_Kamchatsky_Kamchatka_Krai_Far_Eastern_District.html,–°–∏–ª–∞ –æ–∫–µ–∞–Ω–∞
3188,https://www.tripadvisor.com/ShowUserReviews-g298492-d6401100-r205017322-Khalaktyrsky_Beach-Petropavlovsk_Kamchatsky_Kamchatka_Krai_Far_Eastern_District.html,"–ö—Ä–∞–π –∑–µ–º–ª–∏, –¢–∏—Ö–∏–π –æ–∫–µ–∞–Ω, –ø–ª—è–∂"
3191,https://www.tripadvisor.com/ShowUserReviews-g298492-d6401100-r202570101-Khalaktyrsky_Beach-Petropavlovsk_Kamchatsky_Kamchatka_Krai_Far_Eastern_District.html,–û–¥–Ω–æ –∏–∑ –ª—é–±–∏–º–µ–π—à–∏—Ö –º–µ—Å—Ç!
3194,https://www.tripadvisor.com/ShowUserReviews-g298492-d6401100-r202265644-Khalaktyrsky_Beach-Petropavlovsk_Kamchatsky_Kamchatka_Krai_Far_Eastern_District.html,–∫—Ä–∞–π –∑–µ–º–ª–∏
3197,https://www.tripadvisor.com/ShowUserReviews-g298492-d6401100-r199101804-Khalaktyrsky_Beach-Petropavlovsk_Kamchatsky_Kamchatka_Krai_Far_Eastern_District.html,–•–∞–ª–∞–∫—Ç—ã—Ä—Å–∫–∏–π –ø–ª—è–∂ -
3200,https://www.tripadvisor.com/ShowUserReviews-g298492-d6401100-r198879295-Khalaktyrsky_Beach-Petropavlovsk_Kamchatsky_Kamchatka_Krai_Far_Eastern_District.html,–ø–æ—á—É–≤—Å—Ç–≤—É–π—Ç–µ —Å–∏–ª—É –ø—Ä–∏—Ä–æ–¥—ã!
3203,https://www.tripadvisor.com/ShowUserReviews-g298492-d6401100-r198411580-Khalaktyrsky_Beach-Petropavlovsk_Kamchatsky_Kamchatka_Krai_Far_Eastern_District.html,"–≠—Ç–æ –Ω–µ –¢–∞–π, –Ω–æ –∑–¥–µ—Å—å —Å–≤–æ—è –ø—Ä–µ–ª–µ—Å—Ç—å!"
3206,https://www.tripadvisor.com/ShowUserReviews-g298492-d6401100-r193832554-Khalaktyrsky_Beach-Petropavlovsk_Kamchatsky_Kamchatka_Krai_Far_Eastern_District.html,–ß–µ—Ä–Ω—ã–π –ø–µ—Å–æ–∫ –∏ –¢–∏—Ö–∏–π –æ–∫–µ–∞–Ω
